{"cameraMode":{"drawMode":0,"name":"Shaded","section":"Shading Mode"},"sceneLighting":true,"audioPlay":false,"sceneViewState":{"m_AlwaysRefresh":true,"showFog":true,"showSkybox":true,"showFlares":true,"showImageEffects":true,"showParticleSystems":true,"showVisualEffectGraphs":true,"m_FxEnabled":true},"in2DMode":false,"pivot":{"x":420.2383117675781,"y":181.08242797851563,"z":139.77352905273438},"rotation":{"x":-0.013187906704843045,"y":0.017992859706282617,"z":0.0002373376628383994,"w":0.9997515678405762},"size":190.89413452148438,"orthographic":false}